{
  "Kushitic": ["Somalia", "Eritrea"],
  "North-Iberian": ["Spain", "Portugal"],
  "East-Iberian": ["Spain"],
  "Tibeto-Burman": ["Myanmar", "Nepal"],
  "North-African": ["Morocco", "Algeria", "Tunisia"],
  "South-Caucasian": ["Georgia", "Armenia"],
  "North-Caucasian": ["Russia"],
  "Paleo-Balkan": ["Greece", "Albania"],
  "Turkic-Altai": ["Turkey", "Kazakhstan"],
  "Proto-Austronesian": ["Indonesia", "Philippines"],
  "Nilotic": ["South Sudan", "Uganda"],
  "East-Med": ["Cyprus", "Lebanon"],
  "Omotic": ["Ethiopia"],
  "Munda": ["India"],
  "North-Amerind": ["United States", "Canada"],
  "Arabic": ["Saudi Arabia", "Egypt"],
  "East-Euro": ["Poland", "Ukraine"],
  "Central-African": ["Central African Republic", "Cameroon"],
  "Andean": ["Peru", "Bolivia"],
  "Indo-Chinese": ["Vietnam", "Cambodia"],
  "South-Indian": ["India"],
  "NE-Asian": ["China", "Mongolia"],
  "Volgan": ["Russia"],
  "Mongolian": ["Mongolia"],
  "Siberian": ["Russia"],
  "North-Sea-Germanic": ["Germany", "Netherlands"],
  "Celtic": ["Ireland", "Scotland"],
  "West-African": ["Nigeria", "Ghana"],
  "West-Finnic": ["Finland"],
  "Uralic": ["Hungary"],
  "Sahelian": ["Mali", "Niger"],
  "NW-Indian": ["Pakistan"],
  "East-African": ["Kenya", "Tanzania"],
  "East-Asian": ["China", "Hong Kong", "Macao", "Taiwan", "Japan", "South Korea", "North Korea"],
  "Amuro-Manchurian": ["China", "Russia"],
  "Scando-Germanic": ["Sweden", "Denmark"],
  "Iranian": ["Iran"],
  "South-African": ["South Africa"],
  "Amazonian": ["Brazil"],
  "Baltic": ["Lithuania", "Latvia"],
  "Malay": ["Malaysia"],
  "Meso-Amerind": ["Mexico"],
  "South-Chinese": ["China"],
  "Papuan": ["Papua New Guinea"],
  "West-Med": ["Italy", "France"],
  "Pamirian": ["Tajikistan"],
  "Central-Med": ["Italy", "Malta"]
} 