{
    "__comment__": "score类型示例",
    "version": 2.0,
    "type": "score",
    "date": 20250206,
    "title": "酒精代谢能力",
    "description": "检测与酒精代谢相关的基因位点，评估个体的酒精代谢能力。",
    "conclusion": {
        "酒精代谢能力强": {
            "cutoff": 1.5,
            "description": "您对酒精的代谢能力较强，但仍需适量饮酒",
            "suggestion": "每日酒精摄入建议不超过25克|避免连续大量饮酒"
        },
        "酒精代谢能力中等": {
            "cutoff": 0.8,
            "description": "您对酒精的代谢能力一般，建议控制饮酒量",
            "suggestion": "每日酒精摄入建议不超过15克|饮酒间隔建议保持2天以上"
        },
        "酒精代谢能力弱": {
            "cutoff": null,
            "description": "您对酒精的代谢能力较弱，建议尽量避免饮酒",
            "suggestion": "尽量避免酒精摄入|如需饮酒需有监护人在场"
        }
    },
    "variants": {
        "rs1229984": {
            "gene": "ADH1B",
            "weight": {
                "GG": 1.0,
                "GA": 0.6,
                "AA": 0.3,
                "--": 0
            }
        
        },
        "rs671": {
            "gene": "ALDH2",
            "weight": {
                "GG": 1.0,
                "GA": 0.4,
                "AA": 0.1,
                "--": 0
            }
        }
    },
    "reference": {

    }

}
